[{"model": "admin.logentry", "pk": 1, "fields": {"action_time": "2023-05-16T06:53:59.259Z", "user": 1, "content_type": 7, "object_id": "1", "object_repr": "peaknutrition.example.com", "action_flag": 2, "change_message": "[{\"changed\": {\"fields\": [\"Domain name\", \"Display name\"]}}]"}}, {"model": "admin.logentry", "pk": 2, "fields": {"action_time": "2023-05-16T07:05:37.221Z", "user": 1, "content_type": 8, "object_id": "1", "object_repr": "culanomeara@gmail.com", "action_flag": 2, "change_message": "[{\"changed\": {\"fields\": [\"Verified\", \"Primary\"]}}]"}}, {"model": "admin.logentry", "pk": 3, "fields": {"action_time": "2023-05-22T18:35:37.653Z", "user": 1, "content_type": 13, "object_id": "1", "object_repr": "Macronutrients", "action_flag": 1, "change_message": "[{\"added\": {}}]"}}, {"model": "admin.logentry", "pk": 4, "fields": {"action_time": "2023-05-22T18:35:43.366Z", "user": 1, "content_type": 13, "object_id": "2", "object_repr": "Micronutrients", "action_flag": 1, "change_message": "[{\"added\": {}}]"}}, {"model": "admin.logentry", "pk": 5, "fields": {"action_time": "2023-05-22T18:35:47.049Z", "user": 1, "content_type": 13, "object_id": "3", "object_repr": "Hydration", "action_flag": 1, "change_message": "[{\"added\": {}}]"}}, {"model": "admin.logentry", "pk": 6, "fields": {"action_time": "2023-05-22T18:36:09.831Z", "user": 1, "content_type": 13, "object_id": "4", "object_repr": "Pre-workout Nutrition", "action_flag": 1, "change_message": "[{\"added\": {}}]"}}, {"model": "admin.logentry", "pk": 7, "fields": {"action_time": "2023-05-22T18:36:14.872Z", "user": 1, "content_type": 13, "object_id": "5", "object_repr": "Post-workout Nutrition", "action_flag": 1, "change_message": "[{\"added\": {}}]"}}, {"model": "admin.logentry", "pk": 8, "fields": {"action_time": "2023-05-22T18:36:23.567Z", "user": 1, "content_type": 13, "object_id": "6", "object_repr": "Supplements", "action_flag": 1, "change_message": "[{\"added\": {}}]"}}, {"model": "admin.logentry", "pk": 9, "fields": {"action_time": "2023-05-22T18:36:32.981Z", "user": 1, "content_type": 13, "object_id": "7", "object_repr": "Calorie Deficit", "action_flag": 1, "change_message": "[{\"added\": {}}]"}}, {"model": "admin.logentry", "pk": 10, "fields": {"action_time": "2023-05-22T18:36:40.790Z", "user": 1, "content_type": 13, "object_id": "8", "object_repr": "Meal Planning", "action_flag": 1, "change_message": "[{\"added\": {}}]"}}, {"model": "admin.logentry", "pk": 11, "fields": {"action_time": "2023-05-22T18:36:49.381Z", "user": 1, "content_type": 13, "object_id": "9", "object_repr": "Energy Systems", "action_flag": 1, "change_message": "[{\"added\": {}}]"}}, {"model": "admin.logentry", "pk": 12, "fields": {"action_time": "2023-05-22T18:36:55.948Z", "user": 1, "content_type": 13, "object_id": "10", "object_repr": "Body Composition", "action_flag": 1, "change_message": "[{\"added\": {}}]"}}, {"model": "admin.logentry", "pk": 13, "fields": {"action_time": "2023-05-22T18:37:18.933Z", "user": 1, "content_type": 13, "object_id": "11", "object_repr": "Timetabling/Scheduling", "action_flag": 1, "change_message": "[{\"added\": {}}]"}}, {"model": "admin.logentry", "pk": 14, "fields": {"action_time": "2023-05-22T18:37:38.765Z", "user": 1, "content_type": 13, "object_id": "12", "object_repr": "Carb-loading", "action_flag": 1, "change_message": "[{\"added\": {}}]"}}, {"model": "admin.logentry", "pk": 15, "fields": {"action_time": "2023-05-22T18:37:45.505Z", "user": 1, "content_type": 13, "object_id": "13", "object_repr": "Bulking", "action_flag": 1, "change_message": "[{\"added\": {}}]"}}, {"model": "admin.logentry", "pk": 16, "fields": {"action_time": "2023-05-22T18:38:41.570Z", "user": 1, "content_type": 13, "object_id": "13", "object_repr": "Bulking", "action_flag": 3, "change_message": ""}}, {"model": "admin.logentry", "pk": 17, "fields": {"action_time": "2023-05-22T18:38:41.575Z", "user": 1, "content_type": 13, "object_id": "12", "object_repr": "Carb-loading", "action_flag": 3, "change_message": ""}}, {"model": "admin.logentry", "pk": 18, "fields": {"action_time": "2023-05-22T18:38:41.580Z", "user": 1, "content_type": 13, "object_id": "11", "object_repr": "Timetabling/Scheduling", "action_flag": 3, "change_message": ""}}, {"model": "admin.logentry", "pk": 19, "fields": {"action_time": "2023-05-22T18:38:41.584Z", "user": 1, "content_type": 13, "object_id": "10", "object_repr": "Body Composition", "action_flag": 3, "change_message": ""}}, {"model": "admin.logentry", "pk": 20, "fields": {"action_time": "2023-05-22T18:38:41.589Z", "user": 1, "content_type": 13, "object_id": "9", "object_repr": "Energy Systems", "action_flag": 3, "change_message": ""}}, {"model": "admin.logentry", "pk": 21, "fields": {"action_time": "2023-05-22T18:38:41.593Z", "user": 1, "content_type": 13, "object_id": "8", "object_repr": "Meal Planning", "action_flag": 3, "change_message": ""}}, {"model": "admin.logentry", "pk": 22, "fields": {"action_time": "2023-05-22T18:38:41.597Z", "user": 1, "content_type": 13, "object_id": "7", "object_repr": "Calorie Deficit", "action_flag": 3, "change_message": ""}}, {"model": "admin.logentry", "pk": 23, "fields": {"action_time": "2023-05-22T18:38:41.601Z", "user": 1, "content_type": 13, "object_id": "6", "object_repr": "Supplements", "action_flag": 3, "change_message": ""}}, {"model": "admin.logentry", "pk": 24, "fields": {"action_time": "2023-05-22T18:38:41.605Z", "user": 1, "content_type": 13, "object_id": "5", "object_repr": "Post-workout Nutrition", "action_flag": 3, "change_message": ""}}, {"model": "admin.logentry", "pk": 25, "fields": {"action_time": "2023-05-22T18:38:41.609Z", "user": 1, "content_type": 13, "object_id": "4", "object_repr": "Pre-workout Nutrition", "action_flag": 3, "change_message": ""}}, {"model": "admin.logentry", "pk": 26, "fields": {"action_time": "2023-05-22T18:38:41.612Z", "user": 1, "content_type": 13, "object_id": "3", "object_repr": "Hydration", "action_flag": 3, "change_message": ""}}, {"model": "admin.logentry", "pk": 27, "fields": {"action_time": "2023-05-22T18:38:41.616Z", "user": 1, "content_type": 13, "object_id": "2", "object_repr": "Micronutrients", "action_flag": 3, "change_message": ""}}, {"model": "admin.logentry", "pk": 28, "fields": {"action_time": "2023-05-22T18:38:41.620Z", "user": 1, "content_type": 13, "object_id": "1", "object_repr": "Macronutrients", "action_flag": 3, "change_message": ""}}, {"model": "admin.logentry", "pk": 29, "fields": {"action_time": "2023-05-22T18:38:52.874Z", "user": 1, "content_type": 13, "object_id": "14", "object_repr": "Teams", "action_flag": 1, "change_message": "[{\"added\": {}}]"}}, {"model": "admin.logentry", "pk": 30, "fields": {"action_time": "2023-05-22T18:38:56.773Z", "user": 1, "content_type": 13, "object_id": "15", "object_repr": "Clubs", "action_flag": 1, "change_message": "[{\"added\": {}}]"}}, {"model": "admin.logentry", "pk": 31, "fields": {"action_time": "2023-05-22T18:39:02.347Z", "user": 1, "content_type": 13, "object_id": "16", "object_repr": "Schools", "action_flag": 1, "change_message": "[{\"added\": {}}]"}}, {"model": "admin.logentry", "pk": 32, "fields": {"action_time": "2023-05-22T18:39:08.748Z", "user": 1, "content_type": 13, "object_id": "17", "object_repr": "Corporate", "action_flag": 1, "change_message": "[{\"added\": {}}]"}}, {"model": "admin.logentry", "pk": 33, "fields": {"action_time": "2023-05-22T18:39:27.662Z", "user": 1, "content_type": 13, "object_id": "18", "object_repr": "Athletes", "action_flag": 1, "change_message": "[{\"added\": {}}]"}}, {"model": "admin.logentry", "pk": 34, "fields": {"action_time": "2023-05-22T18:39:36.941Z", "user": 1, "content_type": 13, "object_id": "19", "object_repr": "Individuals", "action_flag": 1, "change_message": "[{\"added\": {}}]"}}, {"model": "admin.logentry", "pk": 35, "fields": {"action_time": "2023-05-22T18:55:08.824Z", "user": 1, "content_type": 14, "object_id": "1", "object_repr": "Consultation", "action_flag": 1, "change_message": "[{\"added\": {}}]"}}, {"model": "admin.logentry", "pk": 36, "fields": {"action_time": "2023-05-22T18:55:37.620Z", "user": 1, "content_type": 14, "object_id": "2", "object_repr": "PDF", "action_flag": 1, "change_message": "[{\"added\": {}}]"}}, {"model": "admin.logentry", "pk": 37, "fields": {"action_time": "2023-05-22T18:55:44.315Z", "user": 1, "content_type": 14, "object_id": "3", "object_repr": "Powerpoint", "action_flag": 1, "change_message": "[{\"added\": {}}]"}}, {"model": "admin.logentry", "pk": 38, "fields": {"action_time": "2023-05-22T18:55:49.966Z", "user": 1, "content_type": 14, "object_id": "4", "object_repr": "Word Document", "action_flag": 1, "change_message": "[{\"added\": {}}]"}}, {"model": "admin.logentry", "pk": 39, "fields": {"action_time": "2023-05-22T18:55:57.863Z", "user": 1, "content_type": 14, "object_id": "5", "object_repr": "Worksheet", "action_flag": 1, "change_message": "[{\"added\": {}}]"}}, {"model": "admin.logentry", "pk": 40, "fields": {"action_time": "2023-05-22T18:56:01.713Z", "user": 1, "content_type": 14, "object_id": "6", "object_repr": "Diary", "action_flag": 1, "change_message": "[{\"added\": {}}]"}}, {"model": "admin.logentry", "pk": 41, "fields": {"action_time": "2023-05-22T18:56:19.483Z", "user": 1, "content_type": 14, "object_id": "7", "object_repr": "Scoresheet", "action_flag": 1, "change_message": "[{\"added\": {}}]"}}, {"model": "admin.logentry", "pk": 42, "fields": {"action_time": "2023-05-22T19:11:45.485Z", "user": 1, "content_type": 15, "object_id": "1", "object_repr": "Maximise your Team's potential using Nutrition", "action_flag": 1, "change_message": "[{\"added\": {}}]"}}, {"model": "admin.logentry", "pk": 43, "fields": {"action_time": "2023-05-22T19:11:59.449Z", "user": 1, "content_type": 15, "object_id": "1", "object_repr": "Maximise your Team's potential using Nutrition", "action_flag": 2, "change_message": "[]"}}, {"model": "admin.logentry", "pk": 44, "fields": {"action_time": "2023-05-23T18:40:16.885Z", "user": 1, "content_type": 15, "object_id": "1", "object_repr": "Maximise your Team's potential using Nutrition", "action_flag": 2, "change_message": "[{\"changed\": {\"fields\": [\"Featured image\"]}}]"}}, {"model": "admin.logentry", "pk": 45, "fields": {"action_time": "2023-05-23T18:48:08.634Z", "user": 1, "content_type": 15, "object_id": "1", "object_repr": "Maximise your Team's potential using Nutrition", "action_flag": 2, "change_message": "[]"}}, {"model": "admin.logentry", "pk": 46, "fields": {"action_time": "2023-05-23T18:50:35.649Z", "user": 1, "content_type": 15, "object_id": "1", "object_repr": "Maximise your Team's potential using Nutrition", "action_flag": 2, "change_message": "[{\"changed\": {\"fields\": [\"Featured image\"]}}]"}}, {"model": "admin.logentry", "pk": 47, "fields": {"action_time": "2023-05-23T18:50:45.839Z", "user": 1, "content_type": 15, "object_id": "1", "object_repr": "Maximise your Team's potential using Nutrition", "action_flag": 2, "change_message": "[{\"changed\": {\"fields\": [\"Featured image\"]}}]"}}, {"model": "admin.logentry", "pk": 48, "fields": {"action_time": "2023-05-24T08:38:33.166Z", "user": 1, "content_type": 15, "object_id": "2", "object_repr": "Performance nutrition for your club", "action_flag": 1, "change_message": "[{\"added\": {}}]"}}, {"model": "admin.logentry", "pk": 49, "fields": {"action_time": "2023-05-25T13:30:52.722Z", "user": 1, "content_type": 15, "object_id": "3", "object_repr": "Healthy Eating for Academic Performance", "action_flag": 1, "change_message": "[{\"added\": {}}]"}}, {"model": "admin.logentry", "pk": 50, "fields": {"action_time": "2023-05-25T13:34:03.990Z", "user": 1, "content_type": 15, "object_id": "4", "object_repr": "Let me take your company on a Wellbeing journey", "action_flag": 1, "change_message": "[{\"added\": {}}]"}}, {"model": "admin.logentry", "pk": 51, "fields": {"action_time": "2023-05-25T13:36:59.791Z", "user": 1, "content_type": 15, "object_id": "5", "object_repr": "Nutrition, hydration and recovery diary", "action_flag": 1, "change_message": "[{\"added\": {}}]"}}, {"model": "admin.logentry", "pk": 52, "fields": {"action_time": "2023-05-25T13:40:06.156Z", "user": 1, "content_type": 15, "object_id": "6", "object_repr": "Guide to nutrition self-assessment", "action_flag": 1, "change_message": "[{\"added\": {}}]"}}, {"model": "admin.logentry", "pk": 53, "fields": {"action_time": "2023-05-25T13:40:35.573Z", "user": 1, "content_type": 15, "object_id": "6", "object_repr": "Guide to nutrition self-assessment", "action_flag": 2, "change_message": "[{\"changed\": {\"fields\": [\"Featured image\"]}}]"}}, {"model": "admin.logentry", "pk": 54, "fields": {"action_time": "2023-05-25T13:40:49.787Z", "user": 1, "content_type": 15, "object_id": "4", "object_repr": "Let me take your company on a Wellbeing journey", "action_flag": 2, "change_message": "[{\"changed\": {\"fields\": [\"Featured image\"]}}]"}}, {"model": "admin.logentry", "pk": 55, "fields": {"action_time": "2023-05-25T13:41:06.539Z", "user": 1, "content_type": 15, "object_id": "4", "object_repr": "Let me take your company on a Wellbeing journey", "action_flag": 2, "change_message": "[{\"changed\": {\"fields\": [\"Featured image\"]}}]"}}, {"model": "admin.logentry", "pk": 56, "fields": {"action_time": "2023-05-25T14:03:30.793Z", "user": 1, "content_type": 15, "object_id": "7", "object_repr": "Team Nutrition Self-Assessment Sheet", "action_flag": 1, "change_message": "[{\"added\": {}}]"}}, {"model": "admin.logentry", "pk": 57, "fields": {"action_time": "2023-06-06T12:36:19.635Z", "user": 1, "content_type": 15, "object_id": "7", "object_repr": "Team Nutrition Self-Assessment Sheet", "action_flag": 2, "change_message": "[{\"changed\": {\"fields\": [\"Featured image\"]}}]"}}, {"model": "admin.logentry", "pk": 58, "fields": {"action_time": "2023-06-07T16:08:29.531Z", "user": 1, "content_type": 15, "object_id": "4", "object_repr": "Let me take your company on a Wellbeing journey", "action_flag": 2, "change_message": "[{\"changed\": {\"fields\": [\"Discount\"]}}]"}}, {"model": "admin.logentry", "pk": 59, "fields": {"action_time": "2023-06-07T16:08:40.742Z", "user": 1, "content_type": 15, "object_id": "2", "object_repr": "Performance nutrition for your club", "action_flag": 2, "change_message": "[{\"changed\": {\"fields\": [\"Discount\"]}}]"}}, {"model": "admin.logentry", "pk": 60, "fields": {"action_time": "2023-06-07T16:09:56.421Z", "user": 1, "content_type": 15, "object_id": "1", "object_repr": "Maximise your Team's potential using Nutrition", "action_flag": 2, "change_message": "[{\"changed\": {\"fields\": [\"Discount\"]}}]"}}, {"model": "auth.user", "pk": 1, "fields": {"password": "pbkdf2_sha256$260000$bwaTAMQqrWzXRrm2bd5Hk5$SUA/qVc3RRqtlc8LTu9DVAdAn5tnToXQdNiXavo30Js=", "last_login": "2023-06-06T12:36:00.760Z", "is_superuser": true, "username": "admin", "first_name": "", "last_name": "", "email": "culanomeara@gmail.com", "is_staff": true, "is_active": true, "date_joined": "2023-05-16T06:43:06.474Z", "groups": [], "user_permissions": []}}, {"model": "sessions.session", "pk": "7u4gq4vyndckvizqvcgf4h6vgbrymrox", "fields": {"session_data": ".eJxVjMEOwiAQRP-FsyEshUI9eu83kGUXpGpoUtqT8d9tkx70Npn3Zt4i4LaWsLW0hInFVYC4_HYR6ZnqAfiB9T5Lmuu6TFEeijxpk-PM6XU73b-Dgq3s60ydApM19XYwqI2KyoOKGD0wONaJvXeuM2i0T5BgD7mHSINlQ9lm8fkC0aQ3wQ:1q1ALk:_hyq2qJKFhaXod0q3ZwikePWCM7S57NSX-jYbk66vPU", "expire_date": "2023-06-05T18:33:40.405Z"}}, {"model": "sessions.session", "pk": "9g1nnn5as0vk7owfumg1z5vqgzx81c9b", "fields": {"session_data": "eyJiYWciOnsiMyI6MX19:1q7c4h:JM1-fjwXk5KLEMS49WUmiAXrMKYphgPgMibkWZLJatU", "expire_date": "2023-06-23T13:22:43.588Z"}}, {"model": "sessions.session", "pk": "d801txb2a4capm0s30mzlg00c1eoaqat", "fields": {"session_data": ".eJxVjr0OgzAQg9_lZhTlQiAhY_c-A7rLD9BWIBGYEO_eIDG0m2V_tnxAT_s29nuOaz8FcIBQ_XpM_h3nKwgvmodF-GXe1onFhYg7zeK5hPh53OzfwEh5LO3ka4k6Kd82nSalJUuLkoktBjRBxWCtMbUmrWzEiEWkFtl3TdA-NamMMg3gDlDgsCo3XV2BKfo8v8WoPY4:1q6pfi:dRLjZiYRXmV7fUX3D5GOO19T47qEO66dFVp95eE1oo4", "expire_date": "2023-06-21T09:41:42.479Z"}}, {"model": "sessions.session", "pk": "dajv22qlsusm82r3dvgm2ljnl9nz4ayz", "fields": {"session_data": ".eJxVjMEOwiAQRP-FsyEshUI9eu83kGUXpGpoUtqT8d9tkx70Npn3Zt4i4LaWsLW0hInFVYC4_HYR6ZnqAfiB9T5Lmuu6TFEeijxpk-PM6XU73b-Dgq3s60ydApM19XYwqI2KyoOKGD0wONaJvXeuM2i0T5BgD7mHSINlQ9lm8fkC0aQ3wQ:1q142z:FdwlK-RpVqlKl6f7z74YnXz4oyYPTTY5_vPykw3z0N0", "expire_date": "2023-06-05T11:49:53.368Z"}}, {"model": "sessions.session", "pk": "r226qnge1redxy4232cyvoqdu6foejwo", "fields": {"session_data": ".eJxVjMEOwiAQRP-FsyEshUI9eu83kGUXpGpoUtqT8d9tkx70Npn3Zt4i4LaWsLW0hInFVYC4_HYR6ZnqAfiB9T5Lmuu6TFEeijxpk-PM6XU73b-Dgq3s60ydApM19XYwqI2KyoOKGD0wONaJvXeuM2i0T5BgD7mHSINlQ9lm8fkC0aQ3wQ:1q2B0y:QNmT7MNUwvnNGllpPqFPXLVgzhm4dejXQoQgz7uJ0ME", "expire_date": "2023-06-08T13:28:24.193Z"}}, {"model": "sites.site", "pk": 1, "fields": {"domain": "peaknutrition.example.com", "name": "Peak Nutrition"}}, {"model": "account.emailaddress", "pk": 1, "fields": {"user": 1, "email": "culanomeara@gmail.com", "verified": true, "primary": true}}, {"model": "products.category", "pk": 14, "fields": {"name": "Teams"}}, {"model": "products.category", "pk": 15, "fields": {"name": "Clubs"}}, {"model": "products.category", "pk": 16, "fields": {"name": "Schools"}}, {"model": "products.category", "pk": 17, "fields": {"name": "Corporate"}}, {"model": "products.category", "pk": 18, "fields": {"name": "Athletes"}}, {"model": "products.category", "pk": 19, "fields": {"name": "Individuals"}}, {"model": "products.type", "pk": 1, "fields": {"name": "Consultation"}}, {"model": "products.type", "pk": 2, "fields": {"name": "PDF"}}, {"model": "products.type", "pk": 3, "fields": {"name": "Powerpoint"}}, {"model": "products.type", "pk": 4, "fields": {"name": "Word Document"}}, {"model": "products.type", "pk": 5, "fields": {"name": "Worksheet"}}, {"model": "products.type", "pk": 6, "fields": {"name": "Diary"}}, {"model": "products.type", "pk": 7, "fields": {"name": "Scoresheet"}}, {"model": "products.product", "pk": 1, "fields": {"category": 14, "type": 3, "name": "Maximise your Team's potential using Nutrition", "description": "Sports nutrition is not limited to simply eating a balanced diet. It involves tailoring nutrition strategies to meet the specific demands of athletes, considering factors such as their training regimen, sport type, body composition, and individual goals.", "price": "100", "discount": "20", "featured_image": "shane-walsh-3511501_640_pwsxavb.jpg"}}, {"model": "products.product", "pk": 2, "fields": {"category": 15, "type": 2, "name": "Performance nutrition for your club", "description": "Building the correct structures in a club leads to long-term sustainability and success. Getting the fundamentals right: coaching, facilities, hydration and nutrition are vital to any club. With this summary, I give you a brief overview of the positive changes I can make working with your club", "price": "50", "discount": "5", "featured_image": "treefort.jpg"}}, {"model": "products.product", "pk": 3, "fields": {"category": 16, "type": 5, "name": "Healthy Eating for Academic Performance", "description": "Using this class set of worksheets, you will be able to develop students' ability to self-assess their hydration and nutrition needs and work out how they can make small improvements for a big difference", "price": "30", "discount": "0", "featured_image": "playhouse.jpg"}}, {"model": "products.product", "pk": 4, "fields": {"category": 17, "type": 1, "name": "Let me take your company on a Wellbeing journey", "description": "Want to improve staff morale? Want to increase productivity and reduce days lost through illness? All of these targets are achievable for you through expert nutrition advice to both senior management and staff. With this 1-hour comprehensive consulation, we can draw up a time-defined plan of action to start moving forward to meetign those targets and make for a better, more productive workplace", "price": "250", "discount": "10", "featured_image": "epic_treehouse.jpg"}}, {"model": "products.product", "pk": 5, "fields": {"category": 18, "type": 6, "name": "Nutrition, hydration and recovery diary", "description": "This 30-day onliner diary allows you to keep track of your daily food and water intake, keep a record of your recovery protocols and i can help keep you on track through our online app. This 30-day online diary includes a minimum of 2 1-hr consultations and start and finish. Other consulations will be as needed.", "price": "129", "discount": "0", "featured_image": "hideaway.jpg"}}, {"model": "products.product", "pk": 6, "fields": {"category": 19, "type": 4, "name": "Guide to nutrition self-assessment", "description": "Before embarking on any change of diet, you first need to know what you currently eat and drink. This word document is a guide to how to do this accurately. As part of this package, at the end of your assessment period, you will be given a 30-minute consultation to review your information and plan the best way forward.", "price": "99", "discount": "0", "featured_image": "wendyhouse.jpg"}}, {"model": "products.product", "pk": 7, "fields": {"category": 14, "type": 7, "name": "Team Nutrition Self-Assessment Sheet", "description": "This scorehseet is designed to allow the team management to self-assess their team's nutrition, hydration and recovery scores.", "price": "99", "discount": "0", "featured_image": "bike-585247_640.jpg"}}, {"model": "taggit.tag", "pk": 1, "fields": {"name": "nutrition", "slug": "nutrition"}}, {"model": "taggit.tag", "pk": 2, "fields": {"name": "teams", "slug": "teams"}}, {"model": "taggit.tag", "pk": 3, "fields": {"name": "sports", "slug": "sports"}}, {"model": "taggit.tag", "pk": 4, "fields": {"name": "club", "slug": "club"}}, {"model": "taggit.tag", "pk": 5, "fields": {"name": "hydration", "slug": "hydration"}}, {"model": "taggit.tag", "pk": 6, "fields": {"name": "worksheet", "slug": "worksheet"}}, {"model": "taggit.tag", "pk": 7, "fields": {"name": "schools", "slug": "schools"}}, {"model": "taggit.tag", "pk": 8, "fields": {"name": "consultation", "slug": "consultation"}}, {"model": "taggit.tag", "pk": 9, "fields": {"name": "illness", "slug": "illness"}}, {"model": "taggit.tag", "pk": 10, "fields": {"name": "action plan", "slug": "action-plan"}}, {"model": "taggit.tag", "pk": 11, "fields": {"name": "productive", "slug": "productive"}}, {"model": "taggit.tag", "pk": 12, "fields": {"name": "coroprate", "slug": "coroprate"}}, {"model": "taggit.tag", "pk": 13, "fields": {"name": "athlete", "slug": "athlete"}}, {"model": "taggit.tag", "pk": 14, "fields": {"name": "diary", "slug": "diary"}}, {"model": "taggit.tag", "pk": 15, "fields": {"name": "recovery", "slug": "recovery"}}, {"model": "taggit.tag", "pk": 16, "fields": {"name": "self-assessment", "slug": "self-assessment"}}, {"model": "taggit.tag", "pk": 17, "fields": {"name": "word", "slug": "word"}}, {"model": "taggit.tag", "pk": 18, "fields": {"name": "needs", "slug": "needs"}}, {"model": "taggit.tag", "pk": 19, "fields": {"name": "guide", "slug": "guide"}}, {"model": "taggit.tag", "pk": 20, "fields": {"name": "individual", "slug": "individual"}}, {"model": "taggit.tag", "pk": 21, "fields": {"name": "team", "slug": "team"}}, {"model": "taggit.tag", "pk": 22, "fields": {"name": "scoresheet", "slug": "scoresheet"}}, {"model": "taggit.taggeditem", "pk": 1, "fields": {"tag": 1, "content_type": 15, "object_id": 1}}, {"model": "taggit.taggeditem", "pk": 2, "fields": {"tag": 2, "content_type": 15, "object_id": 1}}, {"model": "taggit.taggeditem", "pk": 3, "fields": {"tag": 3, "content_type": 15, "object_id": 1}}, {"model": "taggit.taggeditem", "pk": 4, "fields": {"tag": 1, "content_type": 15, "object_id": 2}}, {"model": "taggit.taggeditem", "pk": 5, "fields": {"tag": 4, "content_type": 15, "object_id": 2}}, {"model": "taggit.taggeditem", "pk": 6, "fields": {"tag": 5, "content_type": 15, "object_id": 2}}, {"model": "taggit.taggeditem", "pk": 7, "fields": {"tag": 1, "content_type": 15, "object_id": 3}}, {"model": "taggit.taggeditem", "pk": 8, "fields": {"tag": 5, "content_type": 15, "object_id": 3}}, {"model": "taggit.taggeditem", "pk": 9, "fields": {"tag": 6, "content_type": 15, "object_id": 3}}, {"model": "taggit.taggeditem", "pk": 10, "fields": {"tag": 7, "content_type": 15, "object_id": 3}}, {"model": "taggit.taggeditem", "pk": 11, "fields": {"tag": 8, "content_type": 15, "object_id": 4}}, {"model": "taggit.taggeditem", "pk": 12, "fields": {"tag": 9, "content_type": 15, "object_id": 4}}, {"model": "taggit.taggeditem", "pk": 13, "fields": {"tag": 10, "content_type": 15, "object_id": 4}}, {"model": "taggit.taggeditem", "pk": 14, "fields": {"tag": 11, "content_type": 15, "object_id": 4}}, {"model": "taggit.taggeditem", "pk": 15, "fields": {"tag": 12, "content_type": 15, "object_id": 4}}, {"model": "taggit.taggeditem", "pk": 16, "fields": {"tag": 1, "content_type": 15, "object_id": 5}}, {"model": "taggit.taggeditem", "pk": 17, "fields": {"tag": 5, "content_type": 15, "object_id": 5}}, {"model": "taggit.taggeditem", "pk": 18, "fields": {"tag": 13, "content_type": 15, "object_id": 5}}, {"model": "taggit.taggeditem", "pk": 19, "fields": {"tag": 14, "content_type": 15, "object_id": 5}}, {"model": "taggit.taggeditem", "pk": 20, "fields": {"tag": 15, "content_type": 15, "object_id": 5}}, {"model": "taggit.taggeditem", "pk": 21, "fields": {"tag": 1, "content_type": 15, "object_id": 6}}, {"model": "taggit.taggeditem", "pk": 22, "fields": {"tag": 16, "content_type": 15, "object_id": 6}}, {"model": "taggit.taggeditem", "pk": 23, "fields": {"tag": 17, "content_type": 15, "object_id": 6}}, {"model": "taggit.taggeditem", "pk": 24, "fields": {"tag": 18, "content_type": 15, "object_id": 6}}, {"model": "taggit.taggeditem", "pk": 25, "fields": {"tag": 19, "content_type": 15, "object_id": 6}}, {"model": "taggit.taggeditem", "pk": 26, "fields": {"tag": 20, "content_type": 15, "object_id": 6}}, {"model": "taggit.taggeditem", "pk": 27, "fields": {"tag": 1, "content_type": 15, "object_id": 7}}, {"model": "taggit.taggeditem", "pk": 28, "fields": {"tag": 5, "content_type": 15, "object_id": 7}}, {"model": "taggit.taggeditem", "pk": 29, "fields": {"tag": 15, "content_type": 15, "object_id": 7}}, {"model": "taggit.taggeditem", "pk": 30, "fields": {"tag": 16, "content_type": 15, "object_id": 7}}, {"model": "taggit.taggeditem", "pk": 31, "fields": {"tag": 21, "content_type": 15, "object_id": 7}}, {"model": "taggit.taggeditem", "pk": 32, "fields": {"tag": 22, "content_type": 15, "object_id": 7}}]